"input","response"
"zero ka kya matlab hai","Zero ka matlab hota hai kuch bhi nahi، yani sifr۔"
"decimal number kya hota hai","Jis number mein point ho, usay decimal number kehte hain۔"
"negative numbers kya hote hain","Jo zero se chhote hote hain unhein negative numbers kehte hain۔"
"integers kya hote hain","Positive, negative aur zero sab integers kehlate hain۔"
"addition ka asan tareeqa kya hai","Baray number ke neeche chhote number likh kar jor lena behtareen tareeqa hai۔"
"subtraction kab use hoti hai","Jab kisi cheez mein se kuch nikalna ho to subtraction istemal hoti hai۔"
"multiplication ki shortcut kya hai","Tables yaad karna multiplication ka best shortcut hai۔"
"division ka matlab kya hai","Division ka matlab hai kisi cheez ko barabar hisso mein baantna۔"
"math mein variable kya hota hai","Variable aik aisa letter hota hai jo kisi bhi value ko represent karta hai۔"
"x ka matlab kya hota hai","X zyada tar unknown value ko represent karta hai۔"
"equation solve kaise karte hain","Dono taraf barabar kar ke variable ki value nikaali jaati hai۔"
"ratio kya hoti hai","Do quantities ke darmiyan talluq ko ratio kehte hain۔"
"mean aur median mein farq kya hai","Mean average hoti hai, aur median beech wala number۔"
"geometry mein angle kya hota hai","Jab do lines milti hain to jo kona banta hai usay angle kehte hain۔"
"acute angle kya hota hai","Jo angle 90 degrees se chhota ho, use acute angle kehte hain۔"
"right angle ka example do","Ek kitaab ka kona ya deewar ka kona right angle hota hai (90°)।"
"math mein formula kyun zaroori hai","Formula se mushkil sawalat asani se solve kiye ja sakte hain۔"
"math boring kyu lagti hai","Math tab boring lagti hai jab samajh nahi aata, samajh jao to maza aata hai۔"
"calculator ka use kab karna chahiye","Bari calculations ya decimal numbers ke liye calculator helpful hota hai۔"
"math mein logic ka kya role hai","Har step reason ke sath hota hai, isi wajah se math logic based subject hai۔"
"input","response"
"5 plus 3 kitna hota hai","5 plus 3 hota hai 8۔"
"10 mein 4 jor do","10 mein 4 jorne se 14 hota hai۔"
"7 minus 2 kya hoga","7 minus 2 hota hai 5۔"
"agar 9 me se 6 nikaalein to kya bachega","9 me se 6 nikaalne par 3 bachega۔"
"3 ko 4 se multiply karo","3 ko 4 se multiply karne se 12 hota hai۔"
"6 ka 2 se zaraab","6 ka 2 se zaraab hota hai 12۔"
"8 divide  2 kya hota hai","8 ko 2 se divide karne par 4 milta hai۔"
"12 ko 3 se divide karo","12 ko 3 se divide karne se jawab 4 aata hai۔"
"addition kya hoti hai","Addition ka matlab hai do ya zyada numbers ko jorna۔"
"subtraction ka kya matlab hai","Subtraction ka matlab hota hai kisi cheez mein se kuch nikalna۔"
"multiplication kise kehte hain","Jab kisi number ko bar bar jora jaye to use multiplication kehte hain۔"
"division ka use kab hota hai","Jab kisi number ko barabar hisson mein baantna ho to division use hoti hai۔"
"zero se divide karne ka kya result hota hai","Zero se divide karna mumkin nahi hota، isay undefined kehte hain۔"
"2 plus 2 kya hota hai","2 plus 2 barabar hota hai 4۔"
"100 minus 55 ka result","100 minus 55 hota hai 45۔"
"divide aur multiply mein farq kya hai","Multiply ka matlab hai bar bar jorna، aur divide ka matlab hai barabar baantna۔"
"kya 10 plus 0 bhi 10 hota hai","Jee haan، 10 plus 0 barabar hota hai 10۔"
"20 ko 4 se divide karen","20 divide by 4 hota hai 5۔"
"2 ko 3 se multiply karo","2 multiply by 3 equals 6۔"
"input","response"
"15 aur 6 ko add karo","15 plus 6 barabar hota hai 21۔"
"20 mein se 8 minus karo","20 minus 8 hota hai 12۔"
"4 ka 5 se zaraab","4 multiply by 5 equals 20۔"
"25 ko 5 se divide karo","25 divided by 5 equals 5۔"
"3 plus 7 kya banata hai","3 plus 7 gives 10۔"
"18 minus 9 ka answer","18 minus 9 hota hai 9۔"
"6 aur 9 ka total","6 aur 9 ka total hai 15۔"
"2 ko 8 se guna karo","2 multiplied by 8 hota hai 16۔"
"30 ko 6 se divide kar do","30 divided by 6 equals 5۔"
"multiplication ka matlab kya hai","Multiplication ka matlab hai kisi number ko doosray se bar bar jorna۔"
"division kab use karte hain","Division use hoti hai jab kisi cheez ko barabar parts mein baantna ho۔"
"kya aap tables yaad kara sakte ho","Haan jee, main aapko tables bhi yaad kara sakta hoon۔"
"10 minus 3 equals to","10 minus 3 barabar hota hai 7۔"
"7 aur 8 ka sum","7 aur 8 ka sum hota hai 15۔"
"9 ko 3 se divide karein","9 divided by 3 equals 3۔"
"16 plus 4 ka result","16 plus 4 hota hai 20۔"
"math ka easy formula kya hai","Addition, subtraction, multiplication aur division maths ke basic formulas hain۔"
"agar mere paas 2 pencils hain aur 3 aur mil jaayein to total?","2 pencils aur 3 aur milne par total 5 pencils ho jaati hain۔"
"Question","Answer"
"11 ka table kya hai","11 x 1 = 11 | 11 x 2 = 22 | 11 x 3 = 33 | 11 x 4 = 44 | 11 x 5 = 55 | 11 x 6 = 66 | 11 x 7 = 77 | 11 x 8 = 88 | 11 x 9 = 99 | 11 x 10 = 110"
"12 ka table kya hai","12 x 1 = 12 | 12 x 2 = 24 | 12 x 3 = 36 | 12 x 4 = 48 | 12 x 5 = 60 | 12 x 6 = 72 | 12 x 7 = 84 | 12 x 8 = 96 | 12 x 9 = 108 | 12 x 10 = 120"
"13 ka table kya hai","13 x 1 = 13 | 13 x 2 = 26 | 13 x 3 = 39 | 13 x 4 = 52 | 13 x 5 = 65 | 13 x 6 = 78 | 13 x 7 = 91 | 13 x 8 = 104 | 13 x 9 = 117 | 13 x 10 = 130"
"14 ka table kya hai","14 x 1 = 14 | 14 x 2 = 28 | 14 x 3 = 42 | 14 x 4 = 56 | 14 x 5 = 70 | 14 x 6 = 84 | 14 x 7 = 98 | 14 x 8 = 112 | 14 x 9 = 126 | 14 x 10 = 140"
"15 ka table kya hai","15 x 1 = 15 | 15 x 2 = 30 | 15 x 3 = 45 | 15 x 4 = 60 | 15 x 5 = 75 | 15 x 6 = 90 | 15 x 7 = 105 | 15 x 8 = 120 | 15 x 9 = 135 | 15 x 10 = 150"
"16 ka table kya hai","16 x 1 = 16 | 16 x 2 = 32 | 16 x 3 = 48 | 16 x 4 = 64 | 16 x 5 = 80 | 16 x 6 = 96 | 16 x 7 = 112 | 16 x 8 = 128 | 16 x 9 = 144 | 16 x 10 = 160"
"17 ka table kya hai","17 x 1 = 17 | 17 x 2 = 34 | 17 x 3 = 51 | 17 x 4 = 68 | 17 x 5 = 85 | 17 x 6 = 102 | 17 x 7 = 119 | 17 x 8 = 136 | 17 x 9 = 153 | 17 x 10 = 170"
"18 ka table kya hai","18 x 1 = 18 | 18 x 2 = 36 | 18 x 3 = 54 | 18 x 4 = 72 | 18 x 5 = 90 | 18 x 6 = 108 | 18 x 7 = 126 | 18 x 8 = 144 | 18 x 9 = 162 | 18 x 10 = 180"
"19 ka table kya hai","19 x 1 = 19 | 19 x 2 = 38 | 19 x 3 = 57 | 19 x 4 = 76 | 19 x 5 = 95 | 19 x 6 = 114 | 19 x 7 = 133 | 19 x 8 = 152 | 19 x 9 = 171 | 19 x 10 = 190"
"20 ka table kya hai","20 x 1 = 20 | 20 x 2 = 40 | 20 x 3 = 60 | 20 x 4 = 80 | 20 x 5 = 100 | 20 x 6 = 120 | 20 x 7 = 140 | 20 x 8 = 160 | 20 x 9 = 180 | 20 x 10 = 200"
"2","2 x 1 = 2 | 2 x 2 = 4 | 2 x 3 = 6 | 2 x 4 = 8 | 2 x 5 = 10 | 2 x 6 = 12 | 2 x 7 = 14 | 2 x 8 = 16 | 2 x 9 = 18 | 2 x 10 = 20"
"4","4 x 1 = 4 | 4 x 2 = 8 | 4 x 3 = 12 | 4 x 4 = 16 | 4 x 5 = 20 | 4 x 6 = 24 | 4 x 7 = 28 | 4 x 8 = 32 | 4 x 9 = 36 | 4 x 10 = 40"
"6","6 x 1 = 6 | 6 x 2 = 12 | 6 x 3 = 18 | 6 x 4 = 24 | 6 x 5 = 30 | 6 x 6 = 36 | 6 x 7 = 42 | 6 x 8 = 48 | 6 x 9 = 54 | 6 x 10 = 60"
"8","8 x 1 = 8 | 8 x 2 = 16 | 8 x 3 = 24 | 8 x 4 = 32 | 8 x 5 = 40 | 8 x 6 = 48 | 8 x 7 = 56 | 8 x 8 = 64 | 8 x 9 = 72 | 8 x 10 = 80"
"10","10 x 1 = 10 | 10 x 2 = 20 | 10 x 3 = 30 | 10 x 4 = 40 | 10 x 5 = 50 | 10 x 6 = 60 | 10 x 7 = 70 | 10 x 8 = 80 | 10 x 9 = 90 | 10 x 10 = 100"
"12","12 x 1 = 12 | 12 x 2 = 24 | 12 x 3 = 36 | 12 x 4 = 48 | 12 x 5 = 60 | 12 x 6 = 72 | 12 x 7 = 84 | 12 x 8 = 96 | 12 x 9 = 108 | 12 x 10 = 120"
"14","14 x 1 = 14 | 14 x 2 = 28 | 14 x 3 = 42 | 14 x 4 = 56 | 14 x 5 = 70 | 14 x 6 = 84 | 14 x 7 = 98 | 14 x 8 = 112 | 14 x 9 = 126 | 14 x 10 = 140"
"16","16 x 1 = 16 | 16 x 2 = 32 | 16 x 3 = 48 | 16 x 4 = 64 | 16 x 5 = 80 | 16 x 6 = 96 | 16 x 7 = 112 | 16 x 8 = 128 | 16 x 9 = 144 | 16 x 10 = 160"
"18","18 x 1 = 18 | 18 x 2 = 36 | 18 x 3 = 54 | 18 x 4 = 72 | 18 x 5 = 90 | 18 x 6 = 108 | 18 x 7 = 126 | 18 x 8 = 144 | 18 x 9 = 162 | 18 x 10 = 180"
"20","20 x 1 = 20 | 20 x 2 = 40 | 20 x 3 = 60 | 20 x 4 = 80 | 20 x 5 = 100 | 20 x 6 = 120 | 20 x 7 = 140 | 20 x 8 = 160 | 20 x 9 = 180 | 20 x 10 = 200"