"input","response"
"urdu me baat karo","جی ہاں، آئیے اردو میں بات کرتے ہیں۔"
"mujhe urdu pasand hai","بہت خوب! مجھے بھی اردو پسند ہے۔"
"mai urdu mein baat karna chahta hoon","تو پھر اردو میں بات شروع کرتے ہیں!"
"urdu samajh aati hai","جی ہاں، میں اردو سمجھتا ہوں۔"
"aap urdu likh sakte hain","جی بلکل، میں اردو لکھ سکتا ہوں۔"
"sirf urdu me jawab do","ٹھیک ہے، صرف اردو میں بات ہوگی۔"
"urdu me likhna shuru karo","جی، اردو میں لکھ رہا ہوں۔"
"urdu script use karo","اردو رسم الخط استعمال کیا جا رہا ہے۔"
"urdu mode activate karo","اردو موڈ اب ایکٹیو ہو چکا ہے۔"
"urdu zuban chalu karo","اردو زبان چالو کر دی گئی ہے۔"
"mujhe urdu replies chahiye","آپ کو اب اردو میں جوابات دیے جائیں گے۔"
"ab se urdu mein baat hogi","جی ہاں، اب سے اردو میں گفتگو ہوگی۔"
"sirf urdu ka istemal karo","اب صرف اردو کا استعمال ہوگا۔"
"urdu me hello kaho","السلام علیکم! خوش آمدید۔"
"urdu me bye bolo","اللہ حافظ! اپنا خیال رکھیں۔"
"kya aap urdu bol sakte ho","جی ہاں، میں اردو بول سکتا ہوں۔"
"urdu me joke sunao","ایک مزاحیہ بات: اُستاد - ہوم ورک کہاں ہے؟ شاگرد - نیند میں رہ گیا 😄"
"mujhe urdu chat pasand hai","یہ جان کر خوشی ہوئی! ہم اردو میں بات جاری رکھیں گے۔"
"urdu me kuch likho","یقیناً، اردو میں تحریر شروع کی جا رہی ہے۔"
"kya urdu beautiful zaban hai","جی ہاں، اردو بہت خوبصورت اور میٹھی زبان ہے۔"
"input","response"
"urdu kaise seekhein","اردو سیکھنے کے لیے روزانہ مشق کریں اور کتابیں پڑھیں۔"
"urdu keyboard kaise on karein","فون کی سیٹنگز میں جا کر اردو کی بورڈ آن کریں۔"
"urdu mein message bhejo","جی ہاں، اب آپ کو اردو میں پیغام ملے گا۔"
"kya aap sirf urdu mein baat karte hain","جی، اگر آپ چاہیں تو میں صرف اردو میں بات کر سکتا ہوں۔"
"urdu mein koi mashwara do","محنت کریں، دیانت دار رہیں، اور صبر سے کام لیں۔"
"kya urdu easy zaban hai","جی ہاں، اردو ایک میٹھی اور آسان زبان ہے۔"
"urdu mein typing sikhao","پہلے اردو کی بورڈ انسٹال کریں، پھر الفاظ ٹائپ کرنا سیکھیں۔"
"urdu mein mazaaq karo","کیوں نہیں! اردو میں مزاح الگ ہی مزہ دیتا ہے۔"
"urdu mein dua do","اللہ آپ کو خوش رکھے اور سلامت رکھے۔"
"urdu ka itihas kya hai","اردو زبان کی جڑیں فارسی، عربی، اور ترکی زبانوں میں ہیں۔"
"urdu mein shayari sunao","دل سے جو بات نکلتی ہے اثر رکھتی ہے۔"
"urdu mein kahani sunao","ایک بار کا ذکر ہے... ایک نیک لڑکا ہر کسی کی مدد کرتا تھا۔"
"urdu mein ilm ka faida kya hai","علم انسان کو روشن کرتا ہے اور کامیابی کی راہ دکھاتا ہے۔"
"urdu mein salam kaise karte hain","السلام علیکم کہا جاتا ہے، مطلب ہو سلامتی ہو آپ پر۔"
"urdu mein good morning ka matlab","صبح بخیر، یعنی آپ کی صبح خوشگوار ہو۔"
"urdu mein jawab do","جی ہاں، میں اردو میں ہی جواب دے رہا ہوں۔"
"urdu mein samjhao","میں اردو میں وضاحت کر رہا ہوں، آپ سوال پوچھیں۔"
"urdu mein setting kaise karein","ایپ یا فون کی سیٹنگز میں جا کر اردو زبان منتخب کریں۔"
"urdu mein update chahiye","جی، آپ کو اردو میں تازہ معلومات دی جائیں گی۔"
"urdu mein feedback do","آپ کا کام شاندار ہے، محنت جاری رکھیں!"
"input","response"
"2 plus 2 kitna hota hai","2 جمع 2 برابر ہوتا ہے 4۔"
"5 multiply by 3 kya hota hai","5 کو 3 سے ضرب دیں تو جواب 15 آتا ہے۔"
"10 divided by 2 kya hai","10 کو 2 پر تقسیم کریں تو جواب 5 ہوتا ہے۔"
"7 minus 4 kitna hoga","7 میں سے 4 نکالیں تو 3 بچتا ہے۔"
"square of 6 kya hai","6 کا مربع 36 ہوتا ہے۔"
"cube of 3 kya hota hai","3 کا مکعب 27 ہوتا ہے۔"
"fraction kya hoti hai","کسی عدد کا حصہ جو numerator اور denominator میں لکھا جائے، fraction کہلاتا ہے۔"
"percentage ka matlab kya hai","کسی چیز کا سو میں سے حصہ، پرسنٹیج کہلاتا ہے۔"
"pi ki value kya hai","π (پائی) کی قیمت تقریباً 3.1416 ہوتی ہے۔"
"algebra kya hota hai","ریاضی کی وہ شاخ جس میں حروف اور علامات استعمال ہوتے ہیں، الجبرا کہلاتی ہے۔"
"equation ka matlab kya hai","ایسا ریاضیاتی جملہ جس میں '=' کا نشان ہو، اسے equation کہتے ہیں۔"
"geometry kya hai","شکلوں، زاویوں اور خاکوں کا علم geometry کہلاتا ہے۔"
"area aur perimeter mein farq","area جگہ کا رقبہ ہے، perimeter اس کے چاروں طرف کا فاصلہ۔"
"triangle ke angles ka sum","مثلث کے تمام زاویوں کا مجموعہ 180 درجے ہوتا ہے۔"
"circle ka formula kya hai","دایرے کا رقبہ = π × r² اور محیط = 2πr"
"prime number kya hai","ایسا عدد جو صرف 1 اور خود پر تقسیم ہو، prime number ہوتا ہے۔"
"odd aur even number mein farq","Even numbers 2 پر تقسیم ہوتے ہیں، odd نہیں۔"
"average kaise nikalte hain","تمام اعداد کا مجموعہ لیں اور تعداد پر تقسیم کریں۔"
"table of 7 sunao","سات ایکم سات، سات دو نی چودہ، سات تینیں اکیس..."
"math ka best tareeqa kya hai","روزانہ مشق، concept samajhna aur sawalat hal karna بہترین طریقہ ہے۔"